Id,Expected
img0.jpg,bart
img1.jpg,bart
img10.jpg,bart
img100.jpg,bart
img101.jpg,bart
img102.jpg,bart
img103.jpg,bart
img104.jpg,bart
img105.jpg,bart
img106.jpg,bart
img107.jpg,bart
img108.jpg,bart
img109.jpg,bart
img11.jpg,bart
img110.jpg,bart
img111.jpg,bart
img112.jpg,bart
img113.jpg,bart
img114.jpg,bart
img115.jpg,bart
img116.jpg,bart
img117.jpg,bart
img118.jpg,bart
img119.jpg,bart
img12.jpg,bart
img120.jpg,bart
img121.jpg,bart
img122.jpg,bart
img123.jpg,bart
img124.jpg,bart
img125.jpg,bart
img126.jpg,bart
img127.jpg,bart
img128.jpg,bart
img129.jpg,bart
img13.jpg,bart
img130.jpg,bart
img131.jpg,bart
img132.jpg,bart
img133.jpg,bart
img134.jpg,bart
img135.jpg,bart
img136.jpg,bart
img137.jpg,bart
img138.jpg,bart
img139.jpg,bart
img14.jpg,bart
img140.jpg,bart
img141.jpg,bart
img142.jpg,bart
img143.jpg,bart
img144.jpg,bart
img145.jpg,bart
img146.jpg,bart
img147.jpg,bart
img148.jpg,bart
img149.jpg,bart
img15.jpg,bart
img150.jpg,bart
img151.jpg,bart
img152.jpg,bart
img153.jpg,bart
img154.jpg,bart
img155.jpg,bart
img156.jpg,bart
img157.jpg,bart
img158.jpg,bart
img159.jpg,bart
img16.jpg,bart
img160.jpg,bart
img161.jpg,bart
img162.jpg,bart
img163.jpg,bart
img164.jpg,bart
img165.jpg,bart
img166.jpg,bart
img167.jpg,bart
img168.jpg,bart
img169.jpg,bart
img17.jpg,bart
img170.jpg,bart
img171.jpg,bart
img172.jpg,bart
img173.jpg,bart
img174.jpg,bart
img175.jpg,bart
img176.jpg,bart
img177.jpg,bart
img178.jpg,bart
img179.jpg,bart
img18.jpg,bart
img180.jpg,bart
img181.jpg,bart
img182.jpg,bart
img183.jpg,bart
img184.jpg,bart
img185.jpg,bart
img186.jpg,bart
img187.jpg,bart
img188.jpg,bart
img189.jpg,bart
img19.jpg,bart
img190.jpg,bart
img191.jpg,bart
img192.jpg,bart
img193.jpg,bart
img194.jpg,bart
img195.jpg,bart
img196.jpg,bart
img197.jpg,bart
img198.jpg,bart
img199.jpg,bart
img2.jpg,bart
img20.jpg,bart
img200.jpg,bart
img201.jpg,bart
img202.jpg,bart
img203.jpg,bart
img204.jpg,bart
img205.jpg,bart
img206.jpg,bart
img207.jpg,bart
img208.jpg,bart
img209.jpg,bart
img21.jpg,bart
img210.jpg,bart
img211.jpg,bart
img212.jpg,bart
img213.jpg,bart
img214.jpg,bart
img215.jpg,bart
img216.jpg,bart
img217.jpg,bart
img218.jpg,bart
img219.jpg,bart
img22.jpg,bart
img220.jpg,bart
img221.jpg,bart
img222.jpg,bart
img223.jpg,bart
img224.jpg,bart
img225.jpg,bart
img226.jpg,bart
img227.jpg,bart
img228.jpg,bart
img229.jpg,bart
img23.jpg,bart
img230.jpg,bart
img231.jpg,bart
img232.jpg,bart
img233.jpg,bart
img234.jpg,bart
img235.jpg,bart
img236.jpg,bart
img237.jpg,bart
img238.jpg,bart
img239.jpg,bart
img24.jpg,bart
img240.jpg,bart
img241.jpg,bart
img242.jpg,bart
img243.jpg,bart
img244.jpg,bart
img245.jpg,bart
img246.jpg,bart
img247.jpg,bart
img248.jpg,bart
img249.jpg,bart
img25.jpg,bart
img250.jpg,bart
img251.jpg,bart
img252.jpg,bart
img253.jpg,bart
img254.jpg,bart
img255.jpg,bart
img256.jpg,bart
img257.jpg,bart
img258.jpg,bart
img259.jpg,bart
img26.jpg,bart
img260.jpg,bart
img261.jpg,bart
img262.jpg,bart
img263.jpg,bart
img264.jpg,bart
img265.jpg,bart
img266.jpg,bart
img267.jpg,bart
img268.jpg,bart
img269.jpg,bart
img27.jpg,bart
img270.jpg,bart
img271.jpg,bart
img272.jpg,bart
img273.jpg,bart
img274.jpg,bart
img275.jpg,bart
img276.jpg,bart
img277.jpg,bart
img278.jpg,bart
img279.jpg,bart
img28.jpg,bart
img280.jpg,bart
img281.jpg,bart
img282.jpg,bart
img283.jpg,bart
img284.jpg,bart
img285.jpg,bart
img286.jpg,bart
img287.jpg,bart
img288.jpg,bart
img289.jpg,bart
img29.jpg,bart
img290.jpg,bart
img291.jpg,bart
img292.jpg,bart
img293.jpg,bart
img294.jpg,bart
img295.jpg,bart
img296.jpg,bart
img297.jpg,bart
img298.jpg,bart
img299.jpg,bart
img3.jpg,bart
img30.jpg,bart
img300.jpg,bart
img301.jpg,bart
img302.jpg,bart
img303.jpg,bart
img304.jpg,bart
img305.jpg,bart
img306.jpg,bart
img307.jpg,bart
img308.jpg,bart
img309.jpg,bart
img31.jpg,bart
img310.jpg,bart
img311.jpg,bart
img312.jpg,bart
img313.jpg,bart
img314.jpg,bart
img315.jpg,bart
img316.jpg,bart
img317.jpg,bart
img318.jpg,bart
img319.jpg,bart
img32.jpg,bart
img320.jpg,bart
img321.jpg,bart
img322.jpg,bart
img323.jpg,bart
img324.jpg,bart
img325.jpg,bart
img326.jpg,bart
img327.jpg,bart
img328.jpg,bart
img329.jpg,bart
img33.jpg,bart
img330.jpg,bart
img331.jpg,bart
img332.jpg,bart
img333.jpg,bart
img334.jpg,bart
img335.jpg,bart
img336.jpg,bart
img337.jpg,bart
img338.jpg,bart
img339.jpg,bart
img34.jpg,bart
img340.jpg,bart
img341.jpg,bart
img342.jpg,bart
img343.jpg,bart
img344.jpg,bart
img345.jpg,bart
img346.jpg,bart
img347.jpg,bart
img348.jpg,bart
img349.jpg,bart
img35.jpg,bart
img350.jpg,bart
img351.jpg,bart
img352.jpg,bart
img353.jpg,bart
img354.jpg,bart
img355.jpg,bart
img356.jpg,bart
img357.jpg,bart
img358.jpg,bart
img359.jpg,bart
img36.jpg,bart
img360.jpg,bart
img361.jpg,bart
img362.jpg,bart
img363.jpg,bart
img364.jpg,bart
img365.jpg,bart
img366.jpg,bart
img367.jpg,bart
img368.jpg,bart
img369.jpg,bart
img37.jpg,bart
img370.jpg,bart
img371.jpg,bart
img372.jpg,bart
img373.jpg,bart
img374.jpg,bart
img375.jpg,bart
img376.jpg,bart
img377.jpg,bart
img378.jpg,bart
img379.jpg,bart
img38.jpg,bart
img380.jpg,bart
img381.jpg,bart
img382.jpg,bart
img383.jpg,bart
img384.jpg,bart
img385.jpg,bart
img386.jpg,bart
img387.jpg,bart
img388.jpg,bart
img389.jpg,bart
img39.jpg,bart
img390.jpg,bart
img391.jpg,bart
img392.jpg,bart
img393.jpg,bart
img394.jpg,bart
img395.jpg,bart
img396.jpg,bart
img397.jpg,bart
img398.jpg,bart
img399.jpg,bart
img4.jpg,bart
img40.jpg,bart
img400.jpg,bart
img401.jpg,bart
img402.jpg,bart
img403.jpg,bart
img404.jpg,bart
img405.jpg,bart
img406.jpg,bart
img407.jpg,bart
img408.jpg,bart
img409.jpg,bart
img41.jpg,bart
img410.jpg,bart
img411.jpg,bart
img412.jpg,bart
img413.jpg,bart
img414.jpg,bart
img415.jpg,bart
img416.jpg,bart
img417.jpg,bart
img418.jpg,bart
img419.jpg,bart
img42.jpg,bart
img420.jpg,bart
img421.jpg,bart
img422.jpg,bart
img423.jpg,bart
img424.jpg,bart
img425.jpg,bart
img426.jpg,bart
img427.jpg,bart
img428.jpg,bart
img429.jpg,bart
img43.jpg,bart
img430.jpg,bart
img431.jpg,bart
img432.jpg,bart
img433.jpg,bart
img434.jpg,bart
img435.jpg,bart
img436.jpg,bart
img437.jpg,bart
img438.jpg,bart
img439.jpg,bart
img44.jpg,bart
img440.jpg,bart
img441.jpg,bart
img442.jpg,bart
img443.jpg,bart
img444.jpg,bart
img445.jpg,bart
img446.jpg,bart
img447.jpg,bart
img448.jpg,bart
img449.jpg,bart
img45.jpg,bart
img450.jpg,bart
img451.jpg,bart
img452.jpg,bart
img453.jpg,bart
img454.jpg,bart
img455.jpg,bart
img456.jpg,bart
img457.jpg,bart
img458.jpg,bart
img459.jpg,bart
img46.jpg,bart
img460.jpg,bart
img461.jpg,bart
img462.jpg,bart
img463.jpg,bart
img464.jpg,bart
img465.jpg,bart
img466.jpg,bart
img467.jpg,bart
img468.jpg,bart
img469.jpg,bart
img47.jpg,bart
img470.jpg,bart
img471.jpg,bart
img472.jpg,bart
img473.jpg,bart
img474.jpg,bart
img475.jpg,bart
img476.jpg,bart
img477.jpg,bart
img478.jpg,bart
img479.jpg,bart
img48.jpg,bart
img480.jpg,bart
img481.jpg,bart
img482.jpg,bart
img483.jpg,bart
img484.jpg,bart
img485.jpg,bart
img486.jpg,bart
img487.jpg,bart
img488.jpg,bart
img489.jpg,bart
img49.jpg,bart
img490.jpg,bart
img491.jpg,bart
img492.jpg,bart
img493.jpg,bart
img494.jpg,bart
img495.jpg,bart
img496.jpg,bart
img497.jpg,bart
img498.jpg,bart
img499.jpg,bart
img5.jpg,bart
img50.jpg,bart
img500.jpg,bart
img501.jpg,bart
img502.jpg,bart
img503.jpg,bart
img504.jpg,bart
img505.jpg,bart
img506.jpg,bart
img507.jpg,bart
img508.jpg,bart
img509.jpg,bart
img51.jpg,bart
img510.jpg,bart
img511.jpg,bart
img512.jpg,bart
img513.jpg,bart
img514.jpg,bart
img515.jpg,bart
img516.jpg,bart
img517.jpg,bart
img518.jpg,bart
img519.jpg,bart
img52.jpg,bart
img520.jpg,bart
img521.jpg,bart
img522.jpg,bart
img523.jpg,bart
img524.jpg,bart
img525.jpg,bart
img526.jpg,bart
img527.jpg,bart
img528.jpg,bart
img529.jpg,bart
img53.jpg,bart
img530.jpg,bart
img531.jpg,bart
img532.jpg,bart
img533.jpg,bart
img534.jpg,bart
img535.jpg,bart
img536.jpg,bart
img537.jpg,bart
img538.jpg,bart
img539.jpg,bart
img54.jpg,bart
img540.jpg,bart
img541.jpg,bart
img542.jpg,bart
img543.jpg,bart
img544.jpg,bart
img545.jpg,bart
img546.jpg,bart
img547.jpg,bart
img548.jpg,bart
img549.jpg,bart
img55.jpg,bart
img550.jpg,bart
img551.jpg,bart
img552.jpg,bart
img553.jpg,bart
img554.jpg,bart
img555.jpg,bart
img556.jpg,bart
img557.jpg,bart
img558.jpg,bart
img559.jpg,bart
img56.jpg,bart
img560.jpg,bart
img561.jpg,bart
img562.jpg,bart
img563.jpg,bart
img564.jpg,bart
img565.jpg,bart
img566.jpg,bart
img567.jpg,bart
img568.jpg,bart
img569.jpg,bart
img57.jpg,bart
img570.jpg,bart
img571.jpg,bart
img572.jpg,bart
img573.jpg,bart
img574.jpg,bart
img575.jpg,bart
img576.jpg,bart
img577.jpg,bart
img578.jpg,bart
img579.jpg,bart
img58.jpg,bart
img580.jpg,bart
img581.jpg,bart
img582.jpg,bart
img583.jpg,bart
img584.jpg,bart
img585.jpg,bart
img586.jpg,bart
img587.jpg,bart
img588.jpg,bart
img589.jpg,bart
img59.jpg,bart
img590.jpg,bart
img591.jpg,bart
img592.jpg,bart
img593.jpg,bart
img594.jpg,bart
img595.jpg,bart
img596.jpg,bart
img597.jpg,bart
img598.jpg,bart
img599.jpg,bart
img6.jpg,bart
img60.jpg,bart
img600.jpg,bart
img601.jpg,bart
img602.jpg,bart
img603.jpg,bart
img604.jpg,bart
img605.jpg,bart
img606.jpg,bart
img607.jpg,bart
img608.jpg,bart
img609.jpg,bart
img61.jpg,bart
img610.jpg,bart
img611.jpg,bart
img612.jpg,bart
img613.jpg,bart
img614.jpg,bart
img615.jpg,bart
img616.jpg,bart
img617.jpg,bart
img618.jpg,bart
img619.jpg,bart
img62.jpg,bart
img620.jpg,bart
img621.jpg,bart
img622.jpg,bart
img623.jpg,bart
img624.jpg,bart
img625.jpg,bart
img626.jpg,bart
img627.jpg,bart
img628.jpg,bart
img629.jpg,bart
img63.jpg,bart
img630.jpg,bart
img631.jpg,bart
img632.jpg,bart
img633.jpg,bart
img634.jpg,bart
img635.jpg,bart
img636.jpg,bart
img637.jpg,bart
img638.jpg,bart
img639.jpg,bart
img64.jpg,bart
img640.jpg,bart
img641.jpg,bart
img642.jpg,bart
img643.jpg,bart
img644.jpg,bart
img645.jpg,bart
img646.jpg,bart
img647.jpg,bart
img648.jpg,bart
img649.jpg,bart
img65.jpg,bart
img650.jpg,bart
img651.jpg,bart
img652.jpg,bart
img653.jpg,bart
img654.jpg,bart
img655.jpg,bart
img656.jpg,bart
img657.jpg,bart
img658.jpg,bart
img659.jpg,bart
img66.jpg,bart
img660.jpg,bart
img661.jpg,bart
img662.jpg,bart
img663.jpg,bart
img664.jpg,bart
img665.jpg,bart
img666.jpg,bart
img667.jpg,bart
img668.jpg,bart
img669.jpg,bart
img67.jpg,bart
img670.jpg,bart
img671.jpg,bart
img672.jpg,bart
img673.jpg,bart
img674.jpg,bart
img675.jpg,bart
img676.jpg,bart
img677.jpg,bart
img678.jpg,bart
img679.jpg,bart
img68.jpg,bart
img680.jpg,bart
img681.jpg,bart
img682.jpg,bart
img683.jpg,bart
img684.jpg,bart
img685.jpg,bart
img686.jpg,bart
img687.jpg,bart
img688.jpg,bart
img689.jpg,bart
img69.jpg,bart
img690.jpg,bart
img691.jpg,bart
img692.jpg,bart
img693.jpg,bart
img694.jpg,bart
img695.jpg,bart
img696.jpg,bart
img697.jpg,bart
img698.jpg,bart
img699.jpg,bart
img7.jpg,bart
img70.jpg,bart
img700.jpg,bart
img701.jpg,bart
img702.jpg,bart
img703.jpg,bart
img704.jpg,bart
img705.jpg,bart
img706.jpg,bart
img707.jpg,bart
img708.jpg,bart
img709.jpg,bart
img71.jpg,bart
img710.jpg,bart
img711.jpg,bart
img712.jpg,bart
img713.jpg,bart
img714.jpg,bart
img715.jpg,bart
img716.jpg,bart
img717.jpg,bart
img718.jpg,bart
img719.jpg,bart
img72.jpg,bart
img720.jpg,bart
img721.jpg,bart
img722.jpg,bart
img723.jpg,bart
img724.jpg,bart
img725.jpg,bart
img726.jpg,bart
img727.jpg,bart
img728.jpg,bart
img729.jpg,bart
img73.jpg,bart
img730.jpg,bart
img731.jpg,bart
img732.jpg,bart
img733.jpg,bart
img734.jpg,bart
img735.jpg,bart
img736.jpg,bart
img737.jpg,bart
img738.jpg,bart
img739.jpg,bart
img74.jpg,bart
img740.jpg,bart
img741.jpg,bart
img742.jpg,bart
img743.jpg,bart
img744.jpg,bart
img745.jpg,bart
img746.jpg,bart
img747.jpg,bart
img748.jpg,bart
img749.jpg,bart
img75.jpg,bart
img750.jpg,bart
img751.jpg,bart
img752.jpg,bart
img753.jpg,bart
img754.jpg,bart
img755.jpg,bart
img756.jpg,bart
img757.jpg,bart
img758.jpg,bart
img759.jpg,bart
img76.jpg,bart
img760.jpg,bart
img761.jpg,bart
img762.jpg,bart
img763.jpg,bart
img764.jpg,bart
img765.jpg,bart
img766.jpg,bart
img767.jpg,bart
img768.jpg,bart
img769.jpg,bart
img77.jpg,bart
img770.jpg,bart
img771.jpg,bart
img772.jpg,bart
img773.jpg,bart
img774.jpg,bart
img775.jpg,bart
img776.jpg,bart
img777.jpg,bart
img778.jpg,bart
img779.jpg,bart
img78.jpg,bart
img780.jpg,bart
img781.jpg,bart
img782.jpg,bart
img783.jpg,bart
img784.jpg,bart
img785.jpg,bart
img786.jpg,bart
img787.jpg,bart
img788.jpg,bart
img789.jpg,bart
img79.jpg,bart
img790.jpg,bart
img791.jpg,bart
img792.jpg,bart
img793.jpg,bart
img794.jpg,bart
img795.jpg,bart
img796.jpg,bart
img797.jpg,bart
img798.jpg,bart
img799.jpg,bart
img8.jpg,bart
img80.jpg,bart
img800.jpg,bart
img801.jpg,bart
img802.jpg,bart
img803.jpg,bart
img804.jpg,bart
img805.jpg,bart
img806.jpg,bart
img807.jpg,bart
img808.jpg,bart
img809.jpg,bart
img81.jpg,bart
img810.jpg,bart
img811.jpg,bart
img812.jpg,bart
img813.jpg,bart
img814.jpg,bart
img815.jpg,bart
img816.jpg,bart
img817.jpg,bart
img818.jpg,bart
img819.jpg,bart
img82.jpg,bart
img820.jpg,bart
img821.jpg,bart
img822.jpg,bart
img823.jpg,bart
img824.jpg,bart
img825.jpg,bart
img826.jpg,bart
img827.jpg,bart
img828.jpg,bart
img829.jpg,bart
img83.jpg,bart
img830.jpg,bart
img831.jpg,bart
img832.jpg,bart
img833.jpg,bart
img834.jpg,bart
img835.jpg,bart
img836.jpg,bart
img837.jpg,bart
img838.jpg,bart
img839.jpg,bart
img84.jpg,bart
img840.jpg,bart
img841.jpg,bart
img842.jpg,bart
img843.jpg,bart
img844.jpg,bart
img845.jpg,bart
img846.jpg,bart
img847.jpg,bart
img848.jpg,bart
img849.jpg,bart
img85.jpg,bart
img850.jpg,bart
img851.jpg,bart
img852.jpg,bart
img853.jpg,bart
img854.jpg,bart
img855.jpg,bart
img856.jpg,bart
img857.jpg,bart
img858.jpg,bart
img859.jpg,bart
img86.jpg,bart
img860.jpg,bart
img861.jpg,bart
img862.jpg,bart
img863.jpg,bart
img864.jpg,bart
img865.jpg,bart
img866.jpg,bart
img867.jpg,bart
img868.jpg,bart
img869.jpg,bart
img87.jpg,bart
img870.jpg,bart
img871.jpg,bart
img872.jpg,bart
img873.jpg,bart
img874.jpg,bart
img875.jpg,bart
img876.jpg,bart
img877.jpg,bart
img878.jpg,bart
img879.jpg,bart
img88.jpg,bart
img880.jpg,bart
img881.jpg,bart
img882.jpg,bart
img883.jpg,bart
img884.jpg,bart
img885.jpg,bart
img886.jpg,bart
img887.jpg,bart
img888.jpg,bart
img889.jpg,bart
img89.jpg,bart
img890.jpg,bart
img891.jpg,bart
img892.jpg,bart
img893.jpg,bart
img894.jpg,bart
img895.jpg,bart
img896.jpg,bart
img897.jpg,bart
img898.jpg,bart
img899.jpg,bart
img9.jpg,bart
img90.jpg,bart
img900.jpg,bart
img901.jpg,bart
img902.jpg,bart
img903.jpg,bart
img904.jpg,bart
img905.jpg,bart
img906.jpg,bart
img907.jpg,bart
img908.jpg,bart
img909.jpg,bart
img91.jpg,bart
img910.jpg,bart
img911.jpg,bart
img912.jpg,bart
img913.jpg,bart
img914.jpg,bart
img915.jpg,bart
img916.jpg,bart
img917.jpg,bart
img918.jpg,bart
img919.jpg,bart
img92.jpg,bart
img920.jpg,bart
img921.jpg,bart
img922.jpg,bart
img923.jpg,bart
img924.jpg,bart
img925.jpg,bart
img926.jpg,bart
img927.jpg,bart
img928.jpg,bart
img929.jpg,bart
img93.jpg,bart
img930.jpg,bart
img931.jpg,bart
img932.jpg,bart
img933.jpg,bart
img934.jpg,bart
img935.jpg,bart
img936.jpg,bart
img937.jpg,bart
img938.jpg,bart
img939.jpg,bart
img94.jpg,bart
img940.jpg,bart
img941.jpg,bart
img942.jpg,bart
img943.jpg,bart
img944.jpg,bart
img945.jpg,bart
img946.jpg,bart
img947.jpg,bart
img948.jpg,bart
img949.jpg,bart
img95.jpg,bart
img950.jpg,bart
img951.jpg,bart
img952.jpg,bart
img953.jpg,bart
img954.jpg,bart
img955.jpg,bart
img956.jpg,bart
img957.jpg,bart
img958.jpg,bart
img959.jpg,bart
img96.jpg,bart
img960.jpg,bart
img961.jpg,bart
img962.jpg,bart
img963.jpg,bart
img964.jpg,bart
img965.jpg,bart
img966.jpg,bart
img967.jpg,bart
img968.jpg,bart
img969.jpg,bart
img97.jpg,bart
img970.jpg,bart
img971.jpg,bart
img972.jpg,bart
img973.jpg,bart
img974.jpg,bart
img975.jpg,bart
img976.jpg,bart
img977.jpg,bart
img978.jpg,bart
img979.jpg,bart
img98.jpg,bart
img980.jpg,bart
img981.jpg,bart
img982.jpg,bart
img983.jpg,bart
img984.jpg,bart
img985.jpg,bart
img986.jpg,bart
img987.jpg,bart
img988.jpg,bart
img989.jpg,bart
img99.jpg,bart
img990.jpg,bart
