,Id,Churn
0,0,0.037560708368343354
1,1,0.7350979624265316
2,2,0.6806614671483309
3,3,0.005700426406454417
4,4,0.0012263147277054272
5,5,0.13643671013041153
6,6,0.5403824030151531
7,7,0.30297583214829915
8,8,0.07385342197228194
9,9,0.4546877486465617
10,10,0.22415798958899277
11,11,0.17872181583009028
12,12,0.3863942136733836
13,13,0.10718628464505012
14,14,0.02817914191151467
15,15,0.011376719720463488
16,16,0.21305341736980596
17,17,0.364675086569037
18,18,0.048556822606185615
19,19,0.007834483817963282
20,20,0.20458801571960247
21,21,0.008782162557830583
22,22,0.7390286277839586
23,23,0.48250509052936696
24,24,0.10094693593962861
25,25,0.33927860699477647
26,26,0.1462168667151842
27,27,0.024028356379118494
28,28,0.02249055628216158
29,29,0.0011829602121730624
30,30,0.48175961329148365
31,31,0.4998547888511658
32,32,0.7197235033091149
33,33,0.6730595037735331
34,34,0.07178562805347925
35,35,0.010987964139605694
36,36,0.41991667504500063
37,37,0.06691804467162293
38,38,0.11988688474556092
39,39,0.03818368727981238
40,40,0.373588756039922
41,41,0.5598218922632047
42,42,0.4006260985186109
43,43,0.2482644568825332
44,44,0.42158194592526016
45,45,0.36784781789753823
46,46,0.1389764741948328
47,47,0.14249003410680214
48,48,0.19030427066007405
49,49,0.1589939149044455
50,50,0.3527341748658185
51,51,0.7380564933639481
52,52,0.31368195999931614
53,53,0.128847439759439
54,54,0.41310933067674194
55,55,0.0047746817948295635
56,56,0.013695952502967176
57,57,0.5904222497540869
58,58,0.6770660817683724
59,59,0.2564832581367594
60,60,0.026059851166486268
61,61,0.5649882317588784
62,62,0.18932049010205673
63,63,0.0994520099322156
64,64,0.7465780867038838
65,65,0.009935216040029669
66,66,0.27061843791389356
67,67,0.4571954178384391
68,68,0.009143176378913553
69,69,0.5041634642412156
70,70,0.529582327360959
71,71,0.5312085095791397
72,72,0.053866608966164777
73,73,0.5773276305896735
74,74,0.7604258185902342
75,75,0.031688728260214696
76,76,0.1419959380688075
77,77,0.0964388758349599
78,78,0.0844448285037753
79,79,0.004804366741943236
80,80,0.4521504100872269
81,81,0.6861553227831402
82,82,0.776477808702123
83,83,0.2055557780064978
84,84,0.1815435960457726
85,85,0.036395330394731924
86,86,0.05904379618580801
87,87,0.43871589776136566
88,88,0.3468352970070412
89,89,0.1815435960457726
90,90,0.14617153023902257
91,91,0.2329836640438611
92,92,0.7185848986987613
93,93,0.8120145426360156
94,94,0.0011905733930063702
95,95,0.02304955795411366
96,96,0.19845071312804285
97,97,0.5100121769034678
98,98,0.29498778102909107
99,99,0.6571092481377618
100,100,0.015976545189373085
101,101,0.7186213569515844
102,102,0.001413774835181023
103,103,0.6689746548826355
104,104,0.0018510438015521748
105,105,0.6629249781246341
106,106,0.19987800221296062
107,107,0.09886888874983693
108,108,0.006050527832217729
109,109,0.2631225254120031
110,110,0.1260107346948681
111,111,0.08179258491955926
112,112,0.42554798688021844
113,113,0.33891034008310816
114,114,0.002419604037985129
115,115,0.7734049487399443
116,116,0.02277016807222064
117,117,0.0014484449312524214
118,118,0.056329035649795
119,119,0.5706402264142147
120,120,0.12114301443090665
121,121,0.030597327377355606
122,122,0.26614486581964125
123,123,0.3596198028755689
124,124,0.3389603926360535
125,125,0.32675343824272013
126,126,0.6882472880147044
127,127,0.25439671474853864
128,128,0.16958689833173365
129,129,0.15427160640017418
130,130,0.10925345414667463
131,131,0.030094594405933105
132,132,0.0018466918988317422
133,133,0.03634131737965155
134,134,0.314582043014779
135,135,0.03827879948460728
136,136,0.022829249162484865
137,137,0.0033952395451861124
138,138,0.04708054550721649
139,139,0.22410793298275172
140,140,0.0053904506437170725
141,141,0.0051010041723942535
142,142,0.05548637544487706
143,143,0.058805202623314734
144,144,0.3128850973455094
145,145,0.22442948513449168
146,146,0.3984404589394158
147,147,0.010206216011118726
148,148,0.00244014889010742
149,149,0.6590681931734524
150,150,0.019678188507735513
151,151,0.6758504766627002
152,152,0.40331451128892326
153,153,0.04471547745227393
154,154,0.2651708373232265
155,155,0.6631663802877583
156,156,0.06981960954230203
157,157,0.05482034599975052
158,158,0.04794693487767722
159,159,0.14111785103218064
160,160,0.32346896403902065
161,161,0.7003419792142911
162,162,0.11710467222054591
163,163,0.030468447586110784
164,164,0.5641628738300143
165,165,0.07606034194947733
166,166,0.03554858606100731
167,167,0.1270531459490864
168,168,0.042411951223855715
169,169,0.5765344516670239
170,170,0.6553082023295641
171,171,0.012355695030635995
172,172,0.42042843816548026
173,173,0.48709885532299113
174,174,0.13079773948416354
175,175,0.6049611076085638
176,176,0.07968668819717643
177,177,0.048962681752633484
178,178,0.01574573527669267
179,179,0.8449946491419623
180,180,0.18852206264633886
181,181,0.08476983919509706
182,182,0.03962121393011739
183,183,0.10392755544983742
184,184,0.13569245806298746
185,185,0.008705596765070113
186,186,0.13959815597796477
187,187,0.0040684100942805996
188,188,0.05201528901694012
189,189,0.010303770529028125
190,190,0.008516099320374376
191,191,0.005025610480716772
192,192,0.10868477016071787
193,193,0.021563971174522325
194,194,0.2597066905012872
195,195,0.10907551430540946
196,196,0.030629162739894574
197,197,0.20856099137679407
198,198,0.4861240130981279
199,199,0.5403628025479409
200,200,0.5229478948892387
201,201,0.6220398572079511
202,202,0.28222352139682705
203,203,0.699539948813906
204,204,0.24219205256788826
205,205,0.004014268356473002
206,206,0.071685397099678
207,207,0.6275191677605386
208,208,0.6467771377434353
209,209,0.5239501719126829
210,210,0.36009307191330153
211,211,0.10567590844744153
212,212,0.6358234288197334
213,213,0.008021446732896105
214,214,0.003634316321045947
215,215,0.5365359917571452
216,216,0.74839884784271
217,217,0.6216390875294256
218,218,0.24911549892134788
219,219,0.4955883270339679
220,220,0.5033544776471678
221,221,0.013217829636624658
222,222,0.07905349313575455
223,223,0.1636241449483044
224,224,0.04011775814136985
225,225,0.6354679488503479
226,226,0.3156139651513227
227,227,0.04804953297991273
228,228,0.47203110746650434
229,229,0.3384991872572217
230,230,0.001923586957779341
231,231,0.007243067406090456
232,232,0.32906888667326145
233,233,0.0035168968266372914
234,234,0.009766541725629543
235,235,0.06367984429013815
236,236,0.7817002169590819
237,237,0.34028040115335517
238,238,0.07026015224154529
239,239,0.34930971171118985
240,240,0.18998197765438632
241,241,0.012791205165865642
242,242,0.13514089123921721
243,243,0.5003352555484227
244,244,0.07384810291331598
245,245,0.06518904597508235
246,246,0.010534161704995586
247,247,0.001613234958256003
248,248,0.018859343565184008
249,249,0.039036433516395457
250,250,0.0011359204893682613
251,251,0.019322288707086133
252,252,0.0793773033678876
253,253,0.5153875624588108
254,254,0.2922814575736781
255,255,0.504213414377626
256,256,0.10007372953798936
257,257,0.21482246846789668
258,258,0.17747682811551957
259,259,0.5742509188192942
260,260,0.08647822872824996
261,261,0.3626311793445812
262,262,0.2723758440488182
263,263,0.3636138416036929
264,264,0.6136333158988825
265,265,0.2322800438034901
266,266,0.6310426815121183
267,267,0.25076712941320545
268,268,0.1693523443170683
269,269,0.05535255644697329
270,270,0.0063150396001116355
271,271,0.0028100285146181784
272,272,0.4019713950841351
273,273,0.5309600144941973
274,274,0.05728333217605423
275,275,0.21730836146916277
276,276,0.028648404127697626
277,277,0.04546306525544238
278,278,0.13869547526443024
279,279,0.06180433374128716
280,280,0.6126076723477347
281,281,0.08040015111685715
282,282,0.55508846929644
283,283,0.0013636849043014033
284,284,0.23332406470856057
285,285,0.00814533568444076
286,286,0.003053406101988938
287,287,0.002014980874072311
288,288,0.08004401072160078
289,289,0.7584720055670906
290,290,0.3469357103272263
291,291,0.6526253285086688
292,292,0.06177191632374261
293,293,0.4972285753689902
294,294,0.5824166846527689
295,295,0.05730606185102892
296,296,0.11160341340551053
297,297,0.481187802653069
298,298,0.0012159686717316644
299,299,0.2576932588741435
300,300,0.017584369177907695
301,301,0.12597175813599376
302,302,0.06601871948285801
303,303,0.7760222720816359
304,304,0.01127666668457687
305,305,0.1979916447373243
306,306,0.2615248525679205
307,307,0.6231483881308912
308,308,0.7112632774229412
309,309,0.7197024212519704
310,310,0.0887877625422236
311,311,0.0027963599799157106
312,312,0.07049719864675984
313,313,0.032100481341252485
314,314,0.491901568210926
315,315,0.7292099509136765
316,316,0.027841756318591378
317,317,0.2473396317628881
318,318,0.740098805307008
319,319,0.5708773975936676
320,320,0.45050779523793966
321,321,0.6735340569888567
322,322,0.5485333147088569
323,323,0.11590589238543475
324,324,0.007138327722893077
325,325,0.7212776409920589
326,326,0.012300996830859785
327,327,0.23273660154564263
328,328,0.0018171131596619102
329,329,0.3712808664380566
330,330,0.13249645113737313
331,331,0.37585006335721605
332,332,0.2960935660010781
333,333,0.1483803467426657
334,334,0.4745718129328558
335,335,0.09311492869435166
336,336,0.006059041744878716
337,337,0.17636201458336662
338,338,0.014262469039655725
339,339,0.009042986532840776
340,340,0.49416539518159125
341,341,0.26714955287865283
342,342,0.1649047439427263
343,343,0.2666477058026412
344,344,0.004562973842376377
345,345,0.038892070522194254
346,346,0.404109597733414
347,347,0.2530922464982425
348,348,0.007999969465948687
349,349,0.37005821934843464
350,350,0.0642754268723202
351,351,0.02914912863146892
352,352,0.31370015910985305
353,353,0.03975738025155487
354,354,0.339105530440939
355,355,0.009368014114673173
356,356,0.6342815469276832
357,357,0.6127262970727747
358,358,0.6394302037558788
359,359,0.5234374727076654
360,360,0.22164956831031907
361,361,0.004779688137861776
362,362,0.44348177182665266
363,363,0.0665146603511114
364,364,0.3255826949711304
365,365,0.004628620156741607
366,366,0.05222007755238046
367,367,0.21057036800388884
368,368,0.055731311025970724
369,369,0.05570139121136367
370,370,0.02587753217686202
371,371,0.3906616271901835
372,372,0.016817250341579895
373,373,0.7348673945029998
374,374,0.015100445432964533
375,375,0.13008325495849418
376,376,0.17878719938892254
377,377,0.16241655882068265
378,378,0.7206132448794048
379,379,0.5723181986418009
380,380,0.3237957090521254
381,381,0.05747780239015771
382,382,0.03848858419593859
383,383,0.31938853262600725
384,384,0.14705911977325564
385,385,0.5688022746149299
386,386,0.5526754962823658
387,387,0.004069167154604118
388,388,0.0019182300236148173
389,389,0.005587103537081208
390,390,0.7121085504589877
391,391,0.007628903121962899
392,392,0.717261081532114
393,393,0.4580387801968401
394,394,0.03547518834475673
395,395,0.4469808650339859
396,396,0.040443849131517495
397,397,0.06800439189608631
398,398,0.15169002392889483
399,399,0.010242201869101417
400,400,0.20583619895623792
401,401,0.08029321196437622
402,402,0.009765227652955462
403,403,0.13568588202486154
404,404,0.008703961961177217
405,405,0.5840284725016245
406,406,0.6142090467419276
407,407,0.31431873978728714
408,408,0.18379829595636205
409,409,0.018934990403667758
410,410,0.03698964176491132
411,411,0.037575270912254266
412,412,0.6122047620037769
413,413,0.5245772097683029
414,414,0.18875776914662748
415,415,0.14739420902944803
416,416,0.02754295556303729
417,417,0.4503650799945108
418,418,0.07966083416269934
419,419,0.0899856365627505
420,420,0.5058211391540005
421,421,0.2316080993718099
422,422,0.4984133708224487
423,423,0.09407673654007155
424,424,0.06756820608649176
425,425,0.6432713252640759
426,426,0.07214550633511319
427,427,0.02810016587429036
428,428,0.7231429587647193
429,429,0.15300505467264536
430,430,0.01764409412545432
431,431,0.060645106105685985
432,432,0.5089658632284667
433,433,0.4992538171821819
434,434,0.6085589727386622
435,435,0.6363807243111297
436,436,0.017371340578330983
437,437,0.005183933402112184
438,438,0.28506367780372
439,439,0.41070077935400745
440,440,0.08156374597281603
441,441,0.2712602962604378
442,442,0.1992088105337201
443,443,0.07401387690596949
444,444,0.34099452526938023
445,445,0.003614819491554669
446,446,0.01147683194745018
447,447,0.0143671142377861
448,448,0.5170220495334117
449,449,0.0827567011547641
450,450,0.5982856137664523
451,451,0.4385590361894996
452,452,0.007524508517247455
453,453,0.6158047768360108
454,454,0.04568415942528828
455,455,0.14210025536930077
456,456,0.19600965227532388
457,457,0.0029108950950987814
458,458,0.010663260587541674
459,459,0.09795971101448236
460,460,0.2022337017092697
461,461,0.005621098783636909
462,462,0.007856290602984164
463,463,0.05720084432940209
464,464,0.25500016001561215
465,465,0.17747037900080906
466,466,0.015545051704374315
467,467,0.6965510896061856
468,468,0.22505935399434038
469,469,0.013063291747258789
470,470,0.5826876466322679
471,471,0.3603666186458647
472,472,0.18952981140802033
473,473,0.280028919243196
474,474,0.5562874018980161
475,475,0.016998896981660443
476,476,0.7123784242849767
477,477,0.03628511625842901
478,478,0.03830268080936401
479,479,0.206056964418463
480,480,0.35693510017872715
481,481,0.01750259912046794
482,482,0.30387245324471895
483,483,0.4378441546993743
484,484,0.07310141286316128
485,485,0.38781490542895497
486,486,0.4181056002995287
487,487,0.2878902523802667
488,488,0.007848924108332142
489,489,0.042825759533024546
490,490,0.6741515166138848
491,491,0.25962615805524875
492,492,0.25522754422310334
493,493,0.07042596166694012
494,494,0.035988367531817785
495,495,0.00562105832722242
496,496,0.038806817078573065
497,497,0.03257161022388015
498,498,0.5789009604898753
499,499,0.08060946698373753
500,500,0.6826453214476832
501,501,0.015873624160198375
502,502,0.17939634367570878
503,503,0.3951559571573062
504,504,0.3240243211459225
505,505,0.010810634219075563
506,506,0.18434232614730536
507,507,0.1916489843373095
508,508,0.5643268535817776
509,509,0.0924459334190583
510,510,0.7061414528242479
511,511,0.3169755179056426
512,512,0.5120612982116424
513,513,0.44545543896729395
514,514,0.11651966921179038
515,515,0.092557000621284
516,516,0.25133838398670866
517,517,0.8277407906523658
518,518,0.46944860290673596
519,519,0.004421277834910643
520,520,0.5600719326156294
521,521,0.02557345824697286
522,522,0.005456588357682214
523,523,0.12330458047794579
524,524,0.7498179928001446
525,525,0.1638989688856688
526,526,0.455257950213505
527,527,0.10872508528263926
528,528,0.6584345928743668
529,529,0.09004232024171768
530,530,0.019429550027051698
531,531,0.058984646758589276
532,532,0.20649909811372752
533,533,0.4194822554929138
534,534,0.7072290130592089
535,535,0.5413137551306348
536,536,0.5878880367052512
537,537,0.020462121358284603
538,538,0.4520331524541013
539,539,0.20050927570422353
540,540,0.5436060275653731
541,541,0.7189281683902375
542,542,0.15660651589502483
543,543,0.0973051528606384
544,544,0.0876371220643589
545,545,0.2916956602371512
546,546,0.40505017972081464
547,547,0.009956776676139562
548,548,0.4109832879536484
549,549,0.05249988407471878
550,550,0.10941731312483041
551,551,0.020233422224849106
552,552,0.005926596824432824
553,553,0.1743810789537148
554,554,0.058442446376926104
555,555,0.0463932236722674
556,556,0.7130322874806273
557,557,0.7146961843556666
558,558,0.07003994669027905
559,559,0.3777224304933455
560,560,0.346441762760353
561,561,0.002907515627610029
562,562,0.02535490190842668
563,563,0.020974172896271653
564,564,0.2768375135674503
565,565,0.1944562929076619
566,566,0.7112968953090528
567,567,0.09011395124716676
568,568,0.5359239161491349
569,569,0.07687745815777729
570,570,0.005745568969549466
571,571,0.7683151719655016
572,572,0.712822974884892
573,573,0.18197352041658893
574,574,0.0032047868568802072
575,575,0.29882179238205264
576,576,0.24145556492662043
577,577,0.5288303819097131
578,578,0.3201784266475512
579,579,0.6580250876091792
580,580,0.01101229330091282
581,581,0.6397760915418528
582,582,0.0017833440644234623
583,583,0.015227615765213576
584,584,0.2171337020410336
585,585,0.009203189630801646
586,586,0.18756638848394258
587,587,0.04028801671344776
588,588,0.7436285339268606
589,589,0.3694212876458118
590,590,0.7811894985032658
591,591,0.04143601914143839
592,592,0.6839054235417998
593,593,0.04144665357403848
594,594,0.4455108237852769
595,595,0.644428925844949
596,596,0.0014001138721071295
597,597,0.42422926136676425
598,598,0.3723477103312976
599,599,0.019978757976140495
600,600,0.003153539563125776
601,601,0.23564730751948137
602,602,0.11635154851862564
603,603,0.5726396694022565
604,604,0.01639411000108582
605,605,0.12597930043720745
606,606,0.10469179312555753
607,607,0.6789141139083933
608,608,0.05758774024439389
609,609,0.21612597311592777
610,610,0.5560427338892794
611,611,0.17677081025064334
612,612,0.363903284357675
613,613,0.22750584456097092
614,614,0.04400487008138749
615,615,0.012000664083623479
616,616,0.5731507680353658
617,617,0.12793985272585812
618,618,0.021729605816958132
619,619,0.29621519168526245
620,620,0.04495971286438236
621,621,0.3913777599453961
622,622,0.5144141935035781
623,623,0.7511997542678921
624,624,0.03086440386623296
625,625,0.10631110341061506
626,626,0.014533515938269808
627,627,0.04270348257297259
628,628,0.6659288910165643
629,629,0.1625607948384387
630,630,0.53766505260186
631,631,0.04857697434320513
632,632,0.6306032356877633
633,633,0.031191051574368314
634,634,0.6292894385660837
635,635,0.008908734197762388
636,636,0.049687434339851365
637,637,0.11538190056180588
638,638,0.20164870643902685
639,639,0.6208816293668471
640,640,0.6881601061189168
641,641,0.2129167439778923
642,642,0.11859575914815843
643,643,0.12907975432805524
644,644,0.2240886899447402
645,645,0.025774210581474635
646,646,0.0641601591515502
647,647,0.08297017021647124
648,648,0.002073663887572918
649,649,0.12578752753751482
650,650,0.010468663434405034
651,651,0.7911230328343395
652,652,0.015638018529793053
653,653,0.27848288231398177
654,654,0.2610433327370252
655,655,0.6161524536838912
656,656,0.1834245565165347
657,657,0.1414357508528646
658,658,0.05174727006545327
659,659,0.24368553757676892
660,660,0.10178968323361513
661,661,0.02071614647079516
662,662,0.45711570480216573
663,663,0.2852311586873358
664,664,0.01292939883058674
665,665,0.7421372270150951
666,666,0.8017061216885939
667,667,0.20389269605155838
668,668,0.015385794348135542
669,669,0.0025816953911399257
670,670,0.06275732565571154
671,671,0.5234026921597363
672,672,0.6388565606703621
673,673,0.3738131857960176
674,674,0.7259781540960542
675,675,0.13272812110529908
676,676,0.005757737601246737
677,677,0.33130912702623405
678,678,0.21342304962398453
679,679,0.6337791697348313
680,680,0.3682858794801813
681,681,0.12020186096505359
682,682,0.022900953783845084
683,683,0.35291276593049564
684,684,0.02589602483880272
685,685,0.3272378814959749
686,686,0.06906871936144356
687,687,0.01369537470328083
688,688,0.24746726576499695
689,689,0.2909201411614627
690,690,0.7053716717834312
691,691,0.8201784981888635
692,692,0.3694545925643261
693,693,0.2656725850713006
694,694,0.04308319880454029
695,695,0.5271105830486796
696,696,0.3172395776020054
697,697,0.012662075096866851
698,698,0.01694050956964534
699,699,0.10703337971004
700,700,0.05905281158551453
701,701,0.17206778461903594
702,702,0.09405966660395283
703,703,0.10441530309038882
704,704,0.7915916977973316
705,705,0.006122271326380788
706,706,0.04728764716546861
707,707,0.5948881873700399
708,708,0.00847281574375895
709,709,0.0801557120545219
710,710,0.034660766416543254
711,711,0.21528242314338097
712,712,0.3114096012751746
713,713,0.17250596466020413
714,714,0.18837495785570066
715,715,0.14032556120443965
716,716,0.661457098739734
717,717,0.009430748356438388
718,718,0.432813976229813
719,719,0.7629923388307559
720,720,0.12847261035600013
721,721,0.1540888583369721
722,722,0.2049472273727128
723,723,0.42741861742052234
724,724,0.10833662716533357
725,725,0.6784295406950996
726,726,0.020640278717988743
727,727,0.5689243271398824
728,728,0.2956791111045299
729,729,0.04264939245132774
730,730,0.003808073308691706
731,731,0.7290271405117432
732,732,0.006687449149744116
733,733,0.009961616622141832
734,734,0.055223106680734595
735,735,0.5921731070332448
736,736,0.009554826464886892
737,737,0.31981899828674204
738,738,0.41669767790447076
739,739,0.4653723426175928
740,740,0.35213394945890764
741,741,0.32830742836202137
742,742,0.40624284507108926
743,743,0.33742263824020124
744,744,0.18108374516886475
745,745,0.2278509867303811
746,746,0.07423321873933642
747,747,0.2943182913560959
748,748,0.001645209836428741
749,749,0.605465515923349
750,750,0.4223653420691504
751,751,0.022191276014990772
752,752,0.11552586664775176
753,753,0.06977577472558383
754,754,0.6287504996324753
755,755,0.1295629477772096
756,756,0.20107372503492277
757,757,0.44263387937162385
758,758,0.032984515479654884
759,759,0.6818748434667187
760,760,0.32260197009432523
761,761,0.6241135338329384
762,762,0.7427342248382585
763,763,0.11501107893140955
764,764,0.14661183662514493
765,765,0.1232809825327539
766,766,0.47358895826511943
767,767,0.04724377913036243
768,768,0.13238053215822815
769,769,0.40432616700092794
770,770,0.6102536958619518
771,771,0.04343651773927453
772,772,0.7159922270770313
773,773,0.1728593067178538
774,774,0.49133094298534075
775,775,0.05571961110147613
776,776,0.059781929991242176
777,777,0.5223188208922486
778,778,0.029138346424928435
779,779,0.6256170597940539
780,780,0.05646990535178551
781,781,0.48518761245927866
782,782,0.6028465146943116
783,783,0.573604542510391
784,784,0.007882056718370533
785,785,0.5922109550068058
786,786,0.15333428188793252
787,787,0.1524077918957016
788,788,0.5724052273521179
789,789,0.0059295394971426545
790,790,0.618002041046919
791,791,0.5737086973390461
792,792,0.013412251388474135
793,793,0.5083477154009817
794,794,0.6927738394154713
795,795,0.5863047906426734
796,796,0.39378408856045133
797,797,0.0036611163398925874
798,798,0.08284583566619633
799,799,0.011226631167945518
800,800,0.19369716398642284
801,801,0.40175397405413926
802,802,0.024668103638763598
803,803,0.7127471315171932
804,804,0.00388128234487184
805,805,0.2245822741869736
806,806,0.009648949690475786
807,807,0.5116080749355445
808,808,0.18140102248113915
809,809,0.2732830467346251
810,810,0.15016433221503275
811,811,0.26824526678970934
812,812,0.3366558204188603
813,813,0.13328583195389052
814,814,0.036638582726948116
815,815,0.7179386567661704
816,816,0.19133058512551634
817,817,0.4767924393877432
818,818,0.014986543639894838
819,819,0.035031254046519696
820,820,0.0723590441567469
821,821,0.7712249605992685
822,822,0.0045844880787831895
823,823,0.021903262542127783
824,824,0.07713352528248733
825,825,0.04218373804152156
826,826,0.018360754928166398
827,827,0.5723962345202535
828,828,0.805593181503428
829,829,0.7736356998658186
830,830,0.827671724091835
831,831,0.6892393378942414
832,832,0.19643519436839482
833,833,0.32044635525397835
834,834,0.28366357141706117
835,835,0.40733797999523147
836,836,0.07295838211372989
837,837,0.7262430629113008
838,838,0.48320785105937764
839,839,0.3929302981477979
840,840,0.24977618073256289
841,841,0.184933756279989
842,842,0.08081797762688407
843,843,0.3203756844046804
844,844,0.005950001069324924
845,845,0.3486996029007592
846,846,0.5765776706332736
847,847,0.7013775386789305
848,848,0.015405220610034095
849,849,0.2302828464195959
850,850,0.29088631792416736
851,851,0.135627595178076
852,852,0.007902269334115097
853,853,0.2623249078039633
854,854,0.3016726992322874
855,855,0.05690052487101764
856,856,0.5242201554487703
857,857,0.09100401487419064
858,858,0.7176630082201021
859,859,0.007316006175112103
860,860,0.5258833959255307
861,861,0.08361273100335814
862,862,0.06262152613383277
863,863,0.4461194473318481
864,864,0.21722884432019776
865,865,0.01857603572465143
866,866,0.07109529012392922
867,867,0.31969785466906436
868,868,0.3146178065173619
869,869,0.4328522709959855
870,870,0.7091226169009479
871,871,0.0634342277531587
872,872,0.10226230856070793
873,873,0.556429187014857
874,874,0.6889640058021637
875,875,0.575465235409375
876,876,0.29047787393639035
877,877,0.14450090771232424
878,878,0.014880402703227083
879,879,0.11827660271540694
880,880,0.0987253163686396
881,881,0.05331888950555378
882,882,0.0026085552036529984
883,883,0.8119392314534507
884,884,0.01405474346694136
885,885,0.36759474866706604
886,886,0.32075724062977684
887,887,0.013992301400515368
888,888,0.07048447675461472
889,889,0.23141528743172726
890,890,0.38893268875480697
891,891,0.1315563771603849
892,892,0.003924388995831511
893,893,0.7569434032736366
894,894,0.11644805904640697
895,895,0.03572560076624544
896,896,0.026484258218531363
897,897,0.5023048531769163
898,898,0.03613541216215833
899,899,0.7810221892459561
900,900,0.015334209016856868
901,901,0.2693347787333793
902,902,0.07328614122799848
903,903,0.05461526126169545
904,904,0.16203206582656646
905,905,0.006478262900070215
906,906,0.6223062744911221
907,907,0.0021128887176167983
908,908,0.04082130501079881
909,909,0.7059590682883302
910,910,0.009480728957812438
911,911,0.037275636259705064
912,912,0.004684098768238091
913,913,0.46517700334492795
914,914,0.15458507443001757
915,915,0.018209035670193323
916,916,0.7459702829778329
917,917,0.539816136420659
918,918,0.1841761814017731
919,919,0.6699973603144039
920,920,0.1294783876239378
921,921,0.8130959590210596
922,922,0.23131604550812332
923,923,0.031032523450970288
924,924,0.5514905047401736
925,925,0.11669000217639879
926,926,0.06984283809514079
927,927,0.19603820039121012
928,928,0.07609226062036854
929,929,0.20056835631247044
930,930,0.6219220691245335
931,931,0.33613046406593206
932,932,0.7842155903496424
933,933,0.06719285203298125
934,934,0.07523844914241658
935,935,0.036293353979612544
936,936,0.006909162817942057
937,937,0.3929002506263091
938,938,0.1419165792584273
939,939,0.011187503686011261
940,940,0.0010028362749966802
941,941,0.5858393006299649
942,942,0.4877685011187752
943,943,0.0027611546719038724
944,944,0.147174313834061
945,945,0.7213664245210196
946,946,0.3494138861451145
947,947,0.014867411321314307
948,948,0.11181050599979238
949,949,0.4630190392656931
950,950,0.6272472990622463
951,951,0.060227344074104995
952,952,0.19327623007808378
953,953,0.4291392180274033
954,954,0.1727169493416112
955,955,0.117272521896835
956,956,0.08953888989350033
957,957,0.3644902216268443
958,958,0.04468103483953497
959,959,0.11813692897606953
960,960,0.4652013607661891
961,961,0.4874073796810344
962,962,0.14853700867061945
963,963,0.017085101957018307
964,964,0.5522768545438337
965,965,0.7963374788083211
966,966,0.32460916135436196
967,967,0.004603712454829643
968,968,0.09105447821315653
969,969,0.018456566209684406
970,970,0.013443628814055562
971,971,0.011175084034805651
972,972,0.47476479577173214
973,973,0.11839725017047573
974,974,0.002242473417949991
975,975,0.6121995691746415
976,976,0.08517162905970828
977,977,0.055661013749628
978,978,0.5311181423441078
979,979,0.04881129259693907
980,980,0.6982991045987185
981,981,0.10986712424101694
982,982,0.30579147265784795
983,983,0.0016879225533871997
984,984,0.45792551149366784
985,985,0.013528803078310715
986,986,0.050444583520465054
987,987,0.6490866525649794
988,988,0.2383251077734239
989,989,0.03424932304640198
990,990,0.6977842879277295
991,991,0.6054283136209576
992,992,0.22136370403992914
993,993,0.14453624649779137
994,994,0.6092516380310363
995,995,0.49967930349018586
996,996,0.17372393199382585
997,997,0.0012998828423779036
998,998,0.7274883608254229
999,999,0.003948514300027824
1000,1000,0.019726926222695167
1001,1001,0.2620002648512699
1002,1002,0.180052456572237
1003,1003,0.14129559380271253
1004,1004,0.5046488973220232
1005,1005,0.0025960440416714194
1006,1006,0.02529716169500201
1007,1007,0.05955264798615462
1008,1008,0.08333079817260822
1009,1009,0.23997173968144425
1010,1010,0.6174675191153197
1011,1011,0.3940769663654244
1012,1012,0.15334768585463526
1013,1013,0.24300033380077815
1014,1014,0.12068767889188452
1015,1015,0.007632855659189236
1016,1016,0.002355299433395491
1017,1017,0.1750205957551571
1018,1018,0.5884577821335912
1019,1019,0.7084415508298888
1020,1020,0.6018342639056994
1021,1021,0.005537741785504771
1022,1022,0.109809158114198
1023,1023,0.0070151438084936
1024,1024,0.10485154017711448
1025,1025,0.7456291474252346
1026,1026,0.5778651908368572
1027,1027,0.053466905896255024
1028,1028,0.06334145590226206
1029,1029,0.7250763100753497
1030,1030,0.1969873488322844
1031,1031,0.002118829151366459
1032,1032,0.04601163029941609
1033,1033,0.08954310634928632
1034,1034,0.0963044344657735
1035,1035,0.4703476384821648
1036,1036,0.6800651549949897
1037,1037,0.1542559593510213
1038,1038,0.2317740480109533
1039,1039,0.007784150381711339
1040,1040,0.5270834640304194
1041,1041,0.29222036875682916
1042,1042,0.5620123604909248
1043,1043,0.0025244319872564872
1044,1044,0.04573868722702585
1045,1045,0.0021281675848221823
1046,1046,0.017290843954765257
1047,1047,0.286128301167609
1048,1048,0.6747337643737201
1049,1049,0.03207670876213066
1050,1050,0.23047500832512754
1051,1051,0.0694512178866736
1052,1052,0.07581858375879144
1053,1053,0.02109101795886849
1054,1054,0.003578755178919417
1055,1055,0.07075054247070896
1056,1056,0.18091316313960404
1057,1057,0.05412891722455612
1058,1058,0.1814042586940063
1059,1059,0.6248946397816924
1060,1060,0.48807767531306345
1061,1061,0.036145739753886325
1062,1062,0.057004219037879444
1063,1063,0.04950319905386657
1064,1064,0.17503888681441546
1065,1065,0.4481012101436595
1066,1066,0.14508723261760537
1067,1067,0.16659180212519487
1068,1068,0.014032887517610745
1069,1069,0.001935398216381887
1070,1070,0.043016628621310525
1071,1071,0.19922200174507948
1072,1072,0.10858364631237334
1073,1073,0.16047742589031236
1074,1074,0.026936099804946864
1075,1075,0.009878079942442249
1076,1076,0.06621114035608369
1077,1077,0.3515197314842914
1078,1078,0.13929277099621123
1079,1079,0.6637285549950652
1080,1080,0.02307992024454937
1081,1081,0.8324998853391002
1082,1082,0.41605611122598435
1083,1083,0.050213611812423016
1084,1084,0.6116883002548782
1085,1085,0.34934009293898316
1086,1086,0.4958303867905873
1087,1087,0.023851621308079697
1088,1088,0.7521190323646357
1089,1089,0.7792654814788837
1090,1090,0.17359360276480965
1091,1091,0.6979547413761618
1092,1092,0.053106472649300664
1093,1093,0.5344596651345505
1094,1094,0.3625521441052196
1095,1095,0.0485326996356436
1096,1096,0.0274133954023484
1097,1097,0.2505355493092559
1098,1098,0.3289902445654953
1099,1099,0.13473531866794033
1100,1100,0.4286650644688529
1101,1101,0.32849223450853543
1102,1102,0.12959524264558245
1103,1103,0.04447902340628659
1104,1104,0.018189768453377834
1105,1105,0.08698059897504067
1106,1106,0.0070085926307408095
1107,1107,0.06056667726543112
1108,1108,0.0025208446711236627
1109,1109,0.20447198530931915
1110,1110,0.6854322809972146
1111,1111,0.04669869232189487
1112,1112,0.0018826603595186548
1113,1113,0.11717969658121297
1114,1114,0.08859393609473735
1115,1115,0.5911072877920849
1116,1116,0.25639544739947157
1117,1117,0.11050103081223651
1118,1118,0.05296054811155397
1119,1119,0.16861383183439246
1120,1120,0.06230316300160091
1121,1121,0.17488706712280677
1122,1122,0.5001526990375695
1123,1123,0.5299535895340193
1124,1124,0.014348976932874865
1125,1125,0.008825283951992122
1126,1126,0.3585441248036756
1127,1127,0.5363716319768784
1128,1128,0.19433664950190235
1129,1129,0.5359517201930394
1130,1130,0.4225010117086378
1131,1131,0.03919926843436701
1132,1132,0.10000797058574461
1133,1133,0.17410205983633023
1134,1134,0.6046510958931501
1135,1135,0.5026282240747321
1136,1136,0.005495246937305235
1137,1137,0.030913359080813142
1138,1138,0.41057777867389844
1139,1139,0.0035418064113653396
1140,1140,0.575127351556998
1141,1141,0.6563907577831344
1142,1142,0.09210789085040369
1143,1143,0.07678784747610319
1144,1144,0.5185167724212308
1145,1145,0.2783459252221583
1146,1146,0.1171450432296774
1147,1147,0.17205467582917097
1148,1148,0.0031825636272544188
1149,1149,0.0375180984193956
1150,1150,0.35841041745555224
1151,1151,0.41769827179409247
1152,1152,0.596973767437113
1153,1153,0.002709547432661309
1154,1154,0.2693632149055404
1155,1155,0.09848168778462554
1156,1156,0.0022448829329239344
1157,1157,0.18359109274588054
1158,1158,0.3543472596101036
1159,1159,0.7534454211849739
1160,1160,0.0026710192804457913
1161,1161,0.29966801427855266
1162,1162,0.28074127180626157
1163,1163,0.23142888876023154
1164,1164,0.006279313107851534
1165,1165,0.5944162671123752
1166,1166,0.14432833349576288
1167,1167,0.00655465991149489
1168,1168,0.17179640837515678
1169,1169,0.0016359189079540367
1170,1170,0.08649766965799915
1171,1171,0.04232986792907972
1172,1172,0.25640862129095204
1173,1173,0.08772015571661751
1174,1174,0.1484044446504216
1175,1175,0.6060365419226456
1176,1176,0.19555895595069855
1177,1177,0.015865668918370497
1178,1178,0.5539882899461605
1179,1179,0.09483129691018158
1180,1180,0.01973361127203595
1181,1181,0.005379919774026436
1182,1182,0.2887445175435439
1183,1183,0.06490821762761284
1184,1184,0.125457598984068
1185,1185,0.16165472884282991
1186,1186,0.6539457445065556
1187,1187,0.6038667624638425
1188,1188,0.001740914911411037
1189,1189,0.10716246587326177
1190,1190,0.1070913846849184
1191,1191,0.02486597223646985
1192,1192,0.28380827771680045
1193,1193,0.42804267540643026
1194,1194,0.6193906008175761
1195,1195,0.032059976085838805
1196,1196,0.11511423939386152
1197,1197,0.02688901998918084
1198,1198,0.01675240669767927
1199,1199,0.2381344893040541
1200,1200,0.0808536794125785
1201,1201,0.01034885391872883
1202,1202,0.011900241945235222
1203,1203,0.4715308141597182
1204,1204,0.2641417162918045
1205,1205,0.195642395024551
1206,1206,0.4875181197317678
1207,1207,0.05028063184856706
1208,1208,0.5306439904594284
1209,1209,0.04807297431925429
1210,1210,0.4136583285212867
1211,1211,0.026774763646052153
1212,1212,0.07322099970687974
1213,1213,0.7715579564589501
1214,1214,0.10084978734034634
1215,1215,0.36446833262173195
1216,1216,0.2954950199130279
1217,1217,0.7629742081294184
1218,1218,0.27382737609051455
1219,1219,0.06849824101546372
1220,1220,0.0051243545446673575
1221,1221,0.3992034981034951
1222,1222,0.7572949563831796
1223,1223,0.3467073757983682
1224,1224,0.0333932839713593
1225,1225,0.34207390067204635
1226,1226,0.6694406211427278
1227,1227,0.7273151072317038
1228,1228,0.5558608660597016
1229,1229,0.683445068174096
1230,1230,0.004028087257299317
1231,1231,0.5378010206406924
1232,1232,0.6287075061273988
1233,1233,0.6091452130981839
1234,1234,0.23812688578269423
1235,1235,0.00310956144863898
1236,1236,0.8040959621188716
1237,1237,0.5960602695254064
1238,1238,0.6074418380775302
1239,1239,0.006119455311476452
1240,1240,0.2340481003807844
1241,1241,0.12889989187499415
1242,1242,0.006098862579577061
1243,1243,0.7076484089568498
1244,1244,0.0037467065608393253
1245,1245,0.05196763913665542
1246,1246,0.34041723625216047
1247,1247,0.15347018587307615
1248,1248,0.09355141877964222
1249,1249,0.12241561424867457
1250,1250,0.03520478074882033
1251,1251,0.39428524837213336
1252,1252,0.0026158774386837685
1253,1253,0.7600298955456366
1254,1254,0.12783900209456966
1255,1255,0.0013243859890510641
1256,1256,0.5071309891364608
1257,1257,0.6946016745733372
1258,1258,0.002496469437366458
1259,1259,0.26793512549483145
1260,1260,0.721634301507019
1261,1261,0.008627329312570077
1262,1262,0.1922510029010257
1263,1263,0.2239458242257548
1264,1264,0.23792318453412753
1265,1265,0.2460163633132726
1266,1266,0.515942494611419
1267,1267,0.35671873386352193
1268,1268,0.6241392228967919
1269,1269,0.36838189632255075
1270,1270,0.008532124524422499
1271,1271,0.010219277429577246
1272,1272,0.1693292450628086
1273,1273,0.02445874344811702
1274,1274,0.004927786315924292
1275,1275,0.20935973176610648
1276,1276,0.02149407648094589
1277,1277,0.001157556481797911
1278,1278,0.08181735186652694
1279,1279,0.32499514374578875
1280,1280,0.03358594888826567
1281,1281,0.6566449702856564
1282,1282,0.7733037845659957
1283,1283,0.17612852963201475
1284,1284,0.6422909544705989
1285,1285,0.16920377158245328
1286,1286,0.10098902656918314
1287,1287,0.5984884563532513
1288,1288,0.6906105175560427
1289,1289,0.02392820909295113
1290,1290,0.18447301817391412
1291,1291,0.5966212969387776
1292,1292,0.0856623526810695
1293,1293,0.010363156305692841
1294,1294,0.26233964251884445
1295,1295,0.3972943298960068
1296,1296,0.03617280955863322
1297,1297,0.3324064201572153
1298,1298,0.5254667485548437
1299,1299,0.36620113847757596
1300,1300,0.6979294666747293
1301,1301,0.7104467276582918
1302,1302,0.0540648599109837
1303,1303,0.6943689754029714
1304,1304,0.12866231949727067
1305,1305,0.12362692430594618
1306,1306,0.25497137272000514
1307,1307,0.0256381089428914
1308,1308,0.16091177264187048
1309,1309,0.6933310897991001
1310,1310,0.08594126158819809
1311,1311,0.46196104592592996
1312,1312,0.39567716220673227
1313,1313,0.03217089633272162
1314,1314,0.03248452925760061
1315,1315,0.3665177970128865
1316,1316,0.002690859870634633
1317,1317,0.4962481736808134
1318,1318,0.050029097655115935
1319,1319,0.0024728494091562523
1320,1320,0.1592818070647554
1321,1321,0.007011531474967915
1322,1322,0.25356833884133695
1323,1323,0.33119991859165554
1324,1324,0.07677158215747826
1325,1325,0.5316699700589727
1326,1326,0.6260117077514523
1327,1327,0.15309216472706652
1328,1328,0.6968002173503297
1329,1329,0.4201101423502449
1330,1330,0.7398978683054329
1331,1331,0.2023538926068428
1332,1332,0.15083224783881224
1333,1333,0.20121169636684122
1334,1334,0.004504613789833572
1335,1335,0.6262403444118289
1336,1336,0.027202309350876176
1337,1337,0.659507206193771
1338,1338,0.001992557103529171
1339,1339,0.7665579107146185
1340,1340,0.030412344055063094
1341,1341,0.2686571778968381
1342,1342,0.014594411328688476
1343,1343,0.10655745114146015
1344,1344,0.03800072038137708
1345,1345,0.12844746814739527
1346,1346,0.04972325054513329
1347,1347,0.008565029451473196
1348,1348,0.6839335995179618
1349,1349,0.035722861371954615
1350,1350,0.01839184326187228
1351,1351,0.0342697113106093
1352,1352,0.020725173985500816
1353,1353,0.34752417793568907
1354,1354,0.23702171503637445
1355,1355,0.5532096472725999
1356,1356,0.07636130528225095
1357,1357,0.4242978450684514
1358,1358,0.010425345075072838
1359,1359,0.26495876977749205
1360,1360,0.19914640900372216
1361,1361,0.13859412477928282
1362,1362,0.5660287193906558
1363,1363,0.023231874756173467
1364,1364,0.12561321016030794
1365,1365,0.4917926245375695
1366,1366,0.2608268756397461
1367,1367,0.00923392990085282
1368,1368,0.13435685722951213
1369,1369,0.06282215672986685
1370,1370,0.06729072895742486
1371,1371,0.6672327333196502
1372,1372,0.017860228453801096
1373,1373,0.2173801376898239
1374,1374,0.02556276751555361
1375,1375,0.26031343878702656
1376,1376,0.07684489623122893
1377,1377,0.3917466408219913
1378,1378,0.3415124096605561
1379,1379,0.22625308017672327
1380,1380,0.7168422254247747
1381,1381,0.5710581378791206
1382,1382,0.4837634001806602
1383,1383,0.003213104316125569
1384,1384,0.4377828663217679
1385,1385,0.7549690752406607
1386,1386,0.5229941459460369
1387,1387,0.07963810625043838
1388,1388,0.6317912565465864
1389,1389,0.574390072719307
1390,1390,0.5655959968912663
1391,1391,0.016256663490940564
1392,1392,0.7040461143982233
1393,1393,0.11525492053197987
1394,1394,0.011874112023910203
1395,1395,0.5844024347516307
1396,1396,0.17258471760024896
1397,1397,0.006900699465758515
1398,1398,0.21334999871194968
1399,1399,0.21420243602284836
1400,1400,0.3194971303826131
1401,1401,0.018007017761218297
1402,1402,0.2659649827452341
1403,1403,0.007716814234974437
1404,1404,0.0757680971791174
1405,1405,0.12568591602591564
1406,1406,0.19366897820118037
1407,1407,0.25166751931119724
1408,1408,0.14084006226925325
1409,1409,0.0015018084489456097
1410,1410,0.024599273593911408
1411,1411,0.0078112759543923155
1412,1412,0.4774435106103902
1413,1413,0.5065157344054968
1414,1414,0.03654231235985671
1415,1415,0.09439727660437423
1416,1416,0.23340219097084988
1417,1417,0.00450371145707718
1418,1418,0.11679663519070349
1419,1419,0.30275557282371685
1420,1420,0.04935814313502453
1421,1421,0.002230314706304627
1422,1422,0.0076985275868468855
1423,1423,0.0034898440205341536
1424,1424,0.09844806732434094
1425,1425,0.09468025452553737
1426,1426,0.030233161315505772
1427,1427,0.09174164320619294
1428,1428,0.7849751616521525
1429,1429,0.4827741347809843
1430,1430,0.10483547396595527
1431,1431,0.2421902030470474
1432,1432,0.38081218945744405
1433,1433,0.003977501158377117
1434,1434,0.6012024408299187
1435,1435,0.26856341097838954
1436,1436,0.40523527880814547
1437,1437,0.1366892513250428
1438,1438,0.47351346568194225
1439,1439,0.5197506065131496
1440,1440,0.1845546680981885
1441,1441,0.46745168947283333
1442,1442,0.19692357037903027
1443,1443,0.5890220817261903
1444,1444,0.16491104097244313
1445,1445,0.11540676612251072
1446,1446,0.18732030293838495
1447,1447,0.21212194003182647
1448,1448,0.05111550218998894
1449,1449,0.7617177962406064
1450,1450,0.06782106903420215
1451,1451,0.5338849624618027
1452,1452,0.5364543992134517
1453,1453,0.011302001611920362
1454,1454,0.10208357947690652
1455,1455,0.03528468428302218
1456,1456,0.09504636994795011
1457,1457,0.23068976476097902
1458,1458,0.21130861821204794
1459,1459,0.6865374239431123
1460,1460,0.592459580058858
1461,1461,0.007690337352154176
1462,1462,0.006227904813308519
1463,1463,0.1856937380219015
1464,1464,0.4073363710568872
1465,1465,0.640481988572644
1466,1466,0.043517138542975065
1467,1467,0.00831499821436168
1468,1468,0.012423780723045197
1469,1469,0.444457738186091
1470,1470,0.2145766325461328
1471,1471,0.04824367090028694
1472,1472,0.2553971248837833
1473,1473,0.31186610708227364
1474,1474,0.4361523769836094
1475,1475,0.8174094321448899
1476,1476,0.09514710657633285
1477,1477,0.013765544640286823
1478,1478,0.29197127047484933
1479,1479,0.41009073103565646
1480,1480,0.005447182010933766
1481,1481,0.2605949489603229
1482,1482,0.006479694022693565
1483,1483,0.17290666477785202
1484,1484,0.15948111697746287
1485,1485,0.19643519436839482
1486,1486,0.02963414744648355
1487,1487,0.0830445922956304
1488,1488,0.30235417846227186
1489,1489,0.19664538398196987
1490,1490,0.6086522766993198
1491,1491,0.012871970099309418
1492,1492,0.0019567306514114073
1493,1493,0.20326185949831269
1494,1494,0.715506379461136
1495,1495,0.4043490101955733
1496,1496,0.2790327354905746
1497,1497,0.121530578316275
1498,1498,0.19298696885212296
1499,1499,0.1561679134872228
1500,1500,0.046706780308318034
1501,1501,0.10664487966275253
1502,1502,0.001918762323401297
1503,1503,0.14738737555625428
1504,1504,0.8390527979171372
1505,1505,0.36526743490670505
1506,1506,0.7122242431573292
1507,1507,0.27100793494302317
1508,1508,0.6610972084741086
1509,1509,0.48979012179115705
1510,1510,0.050301461828899045
1511,1511,0.03003375894612237
1512,1512,0.10237499973375254
1513,1513,0.16419720466301163
1514,1514,0.025097231442533653
1515,1515,0.44020444669614844
1516,1516,0.04711746683470415
1517,1517,0.6575534748767419
1518,1518,0.38065264700941026
1519,1519,0.06797394132456525
1520,1520,0.030345694309982987
1521,1521,0.05561740817373038
1522,1522,0.02570661535592058
1523,1523,0.1724020427556542
1524,1524,0.005516686782411194
1525,1525,0.5190345678151327
1526,1526,0.04584578054823943
1527,1527,0.7409529515642175
1528,1528,0.1677491721876553
1529,1529,0.5971014511630027
1530,1530,0.13023486915065902
1531,1531,0.13254626978384032
1532,1532,0.005524731850280945
1533,1533,0.14212649275229225
1534,1534,0.0229887800510016
1535,1535,0.08403032324715928
1536,1536,0.07078429487253922
1537,1537,0.3952101125647616
1538,1538,0.0017684312518579301
1539,1539,0.43940651062033886
1540,1540,0.10133538803829961
1541,1541,0.6049044593054569
1542,1542,0.3875035615025739
1543,1543,0.002546705928912678
1544,1544,0.024881277277894243
1545,1545,0.6446921205305353
1546,1546,0.1647713286860085
1547,1547,0.3400118557548493
1548,1548,0.5276011359661055
1549,1549,0.059892250925468814
1550,1550,0.6350036864016383
1551,1551,0.765020369752604
1552,1552,0.4086340785954095
1553,1553,0.004092651759416125
1554,1554,0.007935447567902756
1555,1555,0.032022922876870356
1556,1556,0.22798275280570202
1557,1557,0.5609309031198104
1558,1558,0.042205071879919315
1559,1559,0.006680409410470385
1560,1560,0.3312664040401469
1561,1561,0.02598031277336864
1562,1562,0.08391021280804281
1563,1563,0.5393574048505776
1564,1564,0.08264591915385283
1565,1565,0.10128571702773924
1566,1566,0.012062276532950946
1567,1567,0.05326011088811393
1568,1568,0.6464623027137268
1569,1569,0.00804591770155911
1570,1570,0.31767983696777885
1571,1571,0.06845359680247635
1572,1572,0.18768891778501604
1573,1573,0.014804707657174896
1574,1574,0.5337327711716853
1575,1575,0.7286516147204577
1576,1576,0.024052077898694388
1577,1577,0.03495589437395162
1578,1578,0.26840451462270476
1579,1579,0.2977435894913099
1580,1580,0.5500140813993141
1581,1581,0.029119216296137777
1582,1582,0.19327623007808378
1583,1583,0.0075625516149669895
1584,1584,0.5189124975142723
1585,1585,0.3351717660075352
1586,1586,0.02977128186775228
1587,1587,0.0541800347211864
1588,1588,0.002305117109276488
1589,1589,0.4851420813266706
1590,1590,0.3680157125073043
1591,1591,0.4380697547316831
1592,1592,0.710631610943376
1593,1593,0.227917018495832
1594,1594,0.0013827930188527121
1595,1595,0.2936653880910573
1596,1596,0.13146588261987893
1597,1597,0.17009683558511268
1598,1598,0.0933459472762475
1599,1599,0.5254531009895881
1600,1600,0.6630256878748153
1601,1601,0.27924314565593966
1602,1602,0.7253495021111382
1603,1603,0.6158803271594633
1604,1604,0.03975461670441859
1605,1605,0.2774941804193461
1606,1606,0.09786698328889186
1607,1607,0.2333231466868042
1608,1608,0.01873380415797215
1609,1609,0.6065990807055353
1610,1610,0.03865707942352027
1611,1611,0.27987257427758877
1612,1612,0.7597694664354286
1613,1613,0.18240340517523446
1614,1614,0.20597223371408938
1615,1615,0.17615260134073205
1616,1616,0.39602459941839574
1617,1617,0.21673416335501572
1618,1618,0.4480379364682194
1619,1619,0.3244870999652111
1620,1620,0.01605386815603841
1621,1621,0.371029210469787
1622,1622,0.034372710645766746
1623,1623,0.3093661954089543
1624,1624,0.008117363375696914
1625,1625,0.023483885505567806
1626,1626,0.001720282479510199
1627,1627,0.09585668172556912
1628,1628,0.47816080848009174
1629,1629,0.27056579627558286
1630,1630,0.04039686580994929
1631,1631,0.0219875386473194
1632,1632,0.27634632647035506
1633,1633,0.1446409595569377
1634,1634,0.1763865887132771
1635,1635,0.006168656312251114
1636,1636,0.01183884461038464
1637,1637,0.7873287736096504
1638,1638,0.5980382856994683
1639,1639,0.5684237880269802
1640,1640,0.397789310118111
1641,1641,0.1813426772789616
1642,1642,0.05338856269714848
1643,1643,0.18530224624357408
1644,1644,0.29793183048867833
1645,1645,0.2209444744783167
1646,1646,0.028785684966012234
1647,1647,0.37726583437399297
1648,1648,0.21839683276893082
1649,1649,0.48488446687084585
1650,1650,0.04910743673441936
1651,1651,0.14180854672959295
1652,1652,0.16804913269435356
1653,1653,0.6481208907288
1654,1654,0.00399902156834555
1655,1655,0.45871446185818204
1656,1656,0.048951339216094486
1657,1657,0.015944151165481237
1658,1658,0.024108863417075067
1659,1659,0.4054979044245549
1660,1660,0.19657385743056505
1661,1661,0.014241498544925386
1662,1662,0.00518418746046412
1663,1663,0.3400589119603029
1664,1664,0.17335536095457527
1665,1665,0.6913916310299396
1666,1666,0.26111162252302267
1667,1667,0.21804910584805196
1668,1668,0.025028401464541945
1669,1669,0.08876466850190268
1670,1670,0.6868719081507255
1671,1671,0.2560149729266926
1672,1672,0.14083024039663622
1673,1673,0.11170644707645266
1674,1674,0.10377091611210276
1675,1675,0.3472025184872796
1676,1676,0.4196707950296604
1677,1677,0.007791441167069928
1678,1678,0.5070284434678315
1679,1679,0.2519569885164533
1680,1680,0.11044640108693543
1681,1681,0.014137560070807341
1682,1682,0.6558494918579278
1683,1683,0.39490718841202066
1684,1684,0.643854280546329
1685,1685,0.02886600328048721
1686,1686,0.764518558418878
1687,1687,0.1939116842799532
1688,1688,0.4906395135350636
1689,1689,0.05504832213110525
1690,1690,0.006642079298670669
1691,1691,0.39645459242039227
1692,1692,0.09325572920250119
1693,1693,0.4099842238695107
1694,1694,0.018529229760273463
1695,1695,0.15999648471576244
1696,1696,0.5319558387362936
1697,1697,0.3097705615606964
1698,1698,0.14088815032735838
1699,1699,0.15510954149598702
1700,1700,0.06678977749699921
1701,1701,0.14646010345706303
1702,1702,0.01040866201334956
1703,1703,0.012435924253651597
1704,1704,0.7353746480483202
1705,1705,0.07973335470609301
1706,1706,0.3777037351701694
1707,1707,0.17756480318171505
1708,1708,0.6167246054952084
1709,1709,0.542068182618375
1710,1710,0.0036859860375487133
1711,1711,0.2664566514295783
1712,1712,0.04694707765157062
1713,1713,0.42517137358333856
1714,1714,0.09893630330546632
1715,1715,0.00917938528689487
1716,1716,0.2554362489622659
1717,1717,0.002818149972652667
1718,1718,0.022443767685021085
1719,1719,0.3832571036596346
1720,1720,0.002050829009480526
1721,1721,0.5121365955827346
1722,1722,0.3985931017657497
1723,1723,0.013278581232647342
1724,1724,0.5516410540949054
1725,1725,0.4636583722088602
1726,1726,0.583385844707371
1727,1727,0.037588094232606374
1728,1728,0.01084708877766901
1729,1729,0.7569135929917734
1730,1730,0.7248758014931316
1731,1731,0.4657873417819589
1732,1732,0.44663623891943405
1733,1733,0.023579403082593382
1734,1734,0.30649419349761226
1735,1735,0.519337871439572
1736,1736,0.03945546430119362
1737,1737,0.7032836858059676
1738,1738,0.0178760966974227
1739,1739,0.01259751907171509
1740,1740,0.6350377177365062
1741,1741,0.14341734248022506
1742,1742,0.0022246545022784727
1743,1743,0.2110806394782465
1744,1744,0.025418301029637446
1745,1745,0.026834614759076558
1746,1746,0.16723854602079638
1747,1747,0.014844675984778866
1748,1748,0.041035053450001004
1749,1749,0.0031415694534715315
1750,1750,0.36846297965251446
1751,1751,0.5090596812091427
1752,1752,0.18319878094820524
1753,1753,0.6993887064921832
1754,1754,0.09392190695341839
1755,1755,0.07144091707468155
1756,1756,0.09661430756527234
1757,1757,0.025026093169714263
1758,1758,0.750093298425054
1759,1759,0.6431146896789655
1760,1760,0.009832693746839387
